[{"model": "admin.logentry", "pk": 1, "fields": {"action_time": "2025-11-12T00:42:41.947Z", "user": 1, "content_type": 7, "object_id": "1", "object_repr": "[video] Eben Ndombi Ndombi (pending)", "action_flag": 3, "change_message": ""}}, {"model": "admin.logentry", "pk": 2, "fields": {"action_time": "2025-11-12T00:48:36.281Z", "user": 1, "content_type": 7, "object_id": "5", "object_repr": "[text] Eben Ndombi (approved)", "action_flag": 2, "change_message": "[{\"changed\": {\"fields\": [\"Status\", \"Category\"]}}]"}}, {"model": "admin.logentry", "pk": 3, "fields": {"action_time": "2025-11-12T00:49:18.888Z", "user": 1, "content_type": 7, "object_id": "5", "object_repr": "[text] Eben Ndombi (approved)", "action_flag": 3, "change_message": ""}}, {"model": "admin.logentry", "pk": 4, "fields": {"action_time": "2025-11-12T10:33:00.550Z", "user": 1, "content_type": 9, "object_id": "4", "object_repr": "VerificationCode object (4)", "action_flag": 3, "change_message": ""}}, {"model": "admin.logentry", "pk": 5, "fields": {"action_time": "2025-11-12T10:33:11.484Z", "user": 1, "content_type": 9, "object_id": "3", "object_repr": "VerificationCode object (3)", "action_flag": 3, "change_message": ""}}, {"model": "admin.logentry", "pk": 6, "fields": {"action_time": "2025-11-12T10:33:20.270Z", "user": 1, "content_type": 9, "object_id": "2", "object_repr": "VerificationCode object (2)", "action_flag": 3, "change_message": ""}}, {"model": "admin.logentry", "pk": 7, "fields": {"action_time": "2025-11-12T10:33:28.376Z", "user": 1, "content_type": 9, "object_id": "1", "object_repr": "VerificationCode object (1)", "action_flag": 3, "change_message": ""}}, {"model": "admin.logentry", "pk": 8, "fields": {"action_time": "2025-11-12T15:23:16.783Z", "user": 1, "content_type": 7, "object_id": "7", "object_repr": "[text] Eben Ndombi (approved)", "action_flag": 3, "change_message": ""}}, {"model": "admin.logentry", "pk": 9, "fields": {"action_time": "2025-11-12T15:23:27.654Z", "user": 1, "content_type": 7, "object_id": "6", "object_repr": "[text] keke (pending)", "action_flag": 3, "change_message": ""}}, {"model": "admin.logentry", "pk": 10, "fields": {"action_time": "2025-11-12T15:23:37.095Z", "user": 1, "content_type": 7, "object_id": "4", "object_repr": "[text] Didi stone (pending)", "action_flag": 3, "change_message": ""}}, {"model": "admin.logentry", "pk": 11, "fields": {"action_time": "2025-11-12T15:23:46.173Z", "user": 1, "content_type": 7, "object_id": "3", "object_repr": "[text] Didi stone (pending)", "action_flag": 3, "change_message": ""}}, {"model": "admin.logentry", "pk": 12, "fields": {"action_time": "2025-11-12T15:24:01.125Z", "user": 1, "content_type": 7, "object_id": "2", "object_repr": "[text] David kabeya (pending)", "action_flag": 3, "change_message": ""}}, {"model": "admin.logentry", "pk": 13, "fields": {"action_time": "2025-11-13T10:12:06.429Z", "user": 1, "content_type": 7, "object_id": "9", "object_repr": "[text] Eben Ndombi (approved)", "action_flag": 2, "change_message": "[{\"changed\": {\"fields\": [\"Status\"]}}]"}}, {"model": "admin.logentry", "pk": 14, "fields": {"action_time": "2025-11-13T10:30:39.218Z", "user": 1, "content_type": 7, "object_id": "10", "object_repr": "[text] Eben Ndombi (approved)", "action_flag": 2, "change_message": "[{\"changed\": {\"fields\": [\"Status\"]}}]"}}, {"model": "admin.logentry", "pk": 15, "fields": {"action_time": "2025-11-13T10:37:02.094Z", "user": 1, "content_type": 7, "object_id": "10", "object_repr": "[text] Eben Ndombi (approved)", "action_flag": 2, "change_message": "[]"}}, {"model": "admin.logentry", "pk": 16, "fields": {"action_time": "2025-11-13T10:37:13.902Z", "user": 1, "content_type": 7, "object_id": "11", "object_repr": "[video] Eben Ndombi (approved)", "action_flag": 2, "change_message": "[{\"changed\": {\"fields\": [\"Status\"]}}]"}}, {"model": "admin.logentry", "pk": 17, "fields": {"action_time": "2025-11-13T21:07:12.091Z", "user": 1, "content_type": 7, "object_id": "12", "object_repr": "[text] Eben Ndombi (approved)", "action_flag": 2, "change_message": "[{\"changed\": {\"fields\": [\"Status\"]}}]"}}, {"model": "admin.logentry", "pk": 18, "fields": {"action_time": "2025-11-14T10:45:20.983Z", "user": 1, "content_type": 7, "object_id": "13", "object_repr": "[text] Sam Kabongo (approved)", "action_flag": 2, "change_message": "[{\"changed\": {\"fields\": [\"Status\"]}}]"}}, {"model": "admin.logentry", "pk": 19, "fields": {"action_time": "2025-11-14T13:47:01.071Z", "user": 1, "content_type": 7, "object_id": "14", "object_repr": "[text] Sam Kabongo (approved)", "action_flag": 2, "change_message": "[{\"changed\": {\"fields\": [\"Status\"]}}]"}}, {"model": "admin.logentry", "pk": 20, "fields": {"action_time": "2025-11-14T14:46:29.461Z", "user": 1, "content_type": 7, "object_id": "15", "object_repr": "[text] Sam Kabongo (approved)", "action_flag": 2, "change_message": "[{\"changed\": {\"fields\": [\"Status\"]}}]"}}, {"model": "admin.logentry", "pk": 21, "fields": {"action_time": "2025-11-14T14:59:44.209Z", "user": 1, "content_type": 7, "object_id": "15", "object_repr": "[text] Sam Kabongo (approved)", "action_flag": 3, "change_message": ""}}, {"model": "admin.logentry", "pk": 22, "fields": {"action_time": "2025-11-14T15:00:11.206Z", "user": 1, "content_type": 7, "object_id": "14", "object_repr": "[text] Sam Kabongo (approved)", "action_flag": 3, "change_message": ""}}, {"model": "admin.logentry", "pk": 23, "fields": {"action_time": "2025-11-14T15:17:26.692Z", "user": 1, "content_type": 7, "object_id": "16", "object_repr": "[video] Eben Ndombi (approved)", "action_flag": 2, "change_message": "[{\"changed\": {\"fields\": [\"Status\"]}}]"}}, {"model": "admin.logentry", "pk": 24, "fields": {"action_time": "2025-11-14T16:23:29.640Z", "user": 1, "content_type": 7, "object_id": "17", "object_repr": "[text] Eben Ndombi (approved)", "action_flag": 2, "change_message": "[{\"changed\": {\"fields\": [\"Status\"]}}]"}}, {"model": "admin.logentry", "pk": 25, "fields": {"action_time": "2025-11-14T23:35:40.840Z", "user": 1, "content_type": 7, "object_id": "18", "object_repr": "[text] xav Kal (approved)", "action_flag": 2, "change_message": "[{\"changed\": {\"fields\": [\"Status\"]}}]"}}, {"model": "admin.logentry", "pk": 26, "fields": {"action_time": "2025-11-14T23:46:49.968Z", "user": 1, "content_type": 7, "object_id": "19", "object_repr": "[video] Eben Ndombi (approved)", "action_flag": 2, "change_message": "[{\"changed\": {\"fields\": [\"Status\"]}}]"}}, {"model": "admin.logentry", "pk": 27, "fields": {"action_time": "2025-11-14T23:54:21.444Z", "user": 1, "content_type": 7, "object_id": "19", "object_repr": "[video] Eben Ndombi (approved)", "action_flag": 3, "change_message": ""}}, {"model": "admin.logentry", "pk": 28, "fields": {"action_time": "2025-11-14T23:54:35.416Z", "user": 1, "content_type": 7, "object_id": "18", "object_repr": "[text] xav Kal (approved)", "action_flag": 3, "change_message": ""}}, {"model": "admin.logentry", "pk": 29, "fields": {"action_time": "2025-11-14T23:56:20.944Z", "user": 1, "content_type": 7, "object_id": "20", "object_repr": "[text] xav Kal (approved)", "action_flag": 2, "change_message": "[{\"changed\": {\"fields\": [\"Status\"]}}]"}}, {"model": "admin.logentry", "pk": 30, "fields": {"action_time": "2025-11-15T00:06:27.939Z", "user": 1, "content_type": 7, "object_id": "20", "object_repr": "[text] xav Kal (approved)", "action_flag": 3, "change_message": ""}}, {"model": "admin.logentry", "pk": 31, "fields": {"action_time": "2025-11-15T00:06:55.515Z", "user": 1, "content_type": 7, "object_id": "17", "object_repr": "[text] Eben Ndombi (approved)", "action_flag": 3, "change_message": ""}}, {"model": "admin.logentry", "pk": 32, "fields": {"action_time": "2025-11-15T00:06:55.515Z", "user": 1, "content_type": 7, "object_id": "16", "object_repr": "[video] Eben Ndombi (approved)", "action_flag": 3, "change_message": ""}}, {"model": "admin.logentry", "pk": 33, "fields": {"action_time": "2025-11-15T00:06:55.515Z", "user": 1, "content_type": 7, "object_id": "13", "object_repr": "[text] Sam Kabongo (approved)", "action_flag": 3, "change_message": ""}}, {"model": "admin.logentry", "pk": 34, "fields": {"action_time": "2025-11-15T00:06:55.515Z", "user": 1, "content_type": 7, "object_id": "12", "object_repr": "[text] Eben Ndombi (approved)", "action_flag": 3, "change_message": ""}}, {"model": "admin.logentry", "pk": 35, "fields": {"action_time": "2025-11-15T00:06:55.515Z", "user": 1, "content_type": 7, "object_id": "11", "object_repr": "[video] Eben Ndombi (approved)", "action_flag": 3, "change_message": ""}}, {"model": "admin.logentry", "pk": 36, "fields": {"action_time": "2025-11-15T00:06:55.515Z", "user": 1, "content_type": 7, "object_id": "10", "object_repr": "[text] Eben Ndombi (approved)", "action_flag": 3, "change_message": ""}}, {"model": "admin.logentry", "pk": 37, "fields": {"action_time": "2025-11-15T00:06:55.515Z", "user": 1, "content_type": 7, "object_id": "9", "object_repr": "[text] Eben Ndombi (approved)", "action_flag": 3, "change_message": ""}}, {"model": "admin.logentry", "pk": 38, "fields": {"action_time": "2025-11-15T00:06:55.515Z", "user": 1, "content_type": 7, "object_id": "8", "object_repr": "[text] Eben Ndombi (approved)", "action_flag": 3, "change_message": ""}}, {"model": "admin.logentry", "pk": 39, "fields": {"action_time": "2025-11-15T00:09:15.835Z", "user": 1, "content_type": 7, "object_id": "21", "object_repr": "[video] xav Kal (approved)", "action_flag": 2, "change_message": "[{\"changed\": {\"fields\": [\"Status\"]}}]"}}, {"model": "admin.logentry", "pk": 40, "fields": {"action_time": "2025-11-15T11:54:01.561Z", "user": 1, "content_type": 7, "object_id": "22", "object_repr": "[text] xav Kal (approved)", "action_flag": 2, "change_message": "[{\"changed\": {\"fields\": [\"Status\"]}}]"}}, {"model": "admin.logentry", "pk": 41, "fields": {"action_time": "2025-11-15T12:06:10.271Z", "user": 1, "content_type": 7, "object_id": "21", "object_repr": "[video] xav Kal (approved)", "action_flag": 3, "change_message": ""}}, {"model": "admin.logentry", "pk": 42, "fields": {"action_time": "2025-11-15T12:08:03.132Z", "user": 1, "content_type": 7, "object_id": "23", "object_repr": "[video] xav Kal (approved)", "action_flag": 2, "change_message": "[{\"changed\": {\"fields\": [\"Status\"]}}]"}}, {"model": "admin.logentry", "pk": 43, "fields": {"action_time": "2025-11-15T12:15:03.898Z", "user": 1, "content_type": 7, "object_id": "23", "object_repr": "[video] xav Kal (approved)", "action_flag": 2, "change_message": "[{\"changed\": {\"fields\": [\"Video file\"]}}]"}}, {"model": "admin.logentry", "pk": 44, "fields": {"action_time": "2025-11-15T12:16:24.283Z", "user": 1, "content_type": 7, "object_id": "24", "object_repr": "[video] xav Kal (approved)", "action_flag": 2, "change_message": "[{\"changed\": {\"fields\": [\"Status\"]}}]"}}, {"model": "admin.logentry", "pk": 45, "fields": {"action_time": "2025-11-15T18:55:47.708Z", "user": 1, "content_type": 7, "object_id": "24", "object_repr": "[video] xav Kal (approved)", "action_flag": 2, "change_message": "[]"}}, {"model": "admin.logentry", "pk": 46, "fields": {"action_time": "2025-11-15T23:18:30.590Z", "user": 1, "content_type": 7, "object_id": "24", "object_repr": "[video] xav Kal (approved)", "action_flag": 3, "change_message": ""}}, {"model": "admin.logentry", "pk": 47, "fields": {"action_time": "2025-11-15T23:18:37.873Z", "user": 1, "content_type": 7, "object_id": "23", "object_repr": "[video] xav Kal (approved)", "action_flag": 3, "change_message": ""}}, {"model": "admin.logentry", "pk": 48, "fields": {"action_time": "2025-11-15T23:18:45.565Z", "user": 1, "content_type": 7, "object_id": "22", "object_repr": "[text] xav Kal (approved)", "action_flag": 3, "change_message": ""}}, {"model": "admin.logentry", "pk": 49, "fields": {"action_time": "2025-11-16T18:15:37.934Z", "user": 1, "content_type": 7, "object_id": "25", "object_repr": "[text] Eben Ndombi (approved)", "action_flag": 2, "change_message": "[{\"changed\": {\"fields\": [\"Status\"]}}]"}}, {"model": "admin.logentry", "pk": 50, "fields": {"action_time": "2025-11-16T18:55:17.384Z", "user": 1, "content_type": 7, "object_id": "25", "object_repr": "[text] Eben Ndombi (approved)", "action_flag": 3, "change_message": ""}}, {"model": "admin.logentry", "pk": 51, "fields": {"action_time": "2025-11-16T18:56:23.895Z", "user": 1, "content_type": 7, "object_id": "26", "object_repr": "[text] Eben Ndombi (pending)", "action_flag": 2, "change_message": "[]"}}, {"model": "admin.logentry", "pk": 52, "fields": {"action_time": "2025-11-16T18:56:45.927Z", "user": 1, "content_type": 7, "object_id": "26", "object_repr": "[text] Eben Ndombi (approved)", "action_flag": 2, "change_message": "[{\"changed\": {\"fields\": [\"Status\"]}}]"}}, {"model": "admin.logentry", "pk": 53, "fields": {"action_time": "2025-11-16T19:17:15.068Z", "user": 1, "content_type": 7, "object_id": "27", "object_repr": "[text] Eben Ndombi (approved)", "action_flag": 2, "change_message": "[{\"changed\": {\"fields\": [\"Status\"]}}]"}}, {"model": "admin.logentry", "pk": 54, "fields": {"action_time": "2025-11-16T20:19:23.954Z", "user": 1, "content_type": 7, "object_id": "28", "object_repr": "[text] Eben Ndombi (approved)", "action_flag": 2, "change_message": "[{\"changed\": {\"fields\": [\"Status\"]}}]"}}, {"model": "admin.logentry", "pk": 55, "fields": {"action_time": "2025-11-16T21:10:08.162Z", "user": 1, "content_type": 7, "object_id": "29", "object_repr": "[video] Eben Ndombi (approved)", "action_flag": 2, "change_message": "[{\"changed\": {\"fields\": [\"Status\"]}}]"}}, {"model": "admin.logentry", "pk": 56, "fields": {"action_time": "2025-11-16T22:52:25.966Z", "user": 1, "content_type": 7, "object_id": "29", "object_repr": "[video] Eben Ndombi (approved)", "action_flag": 2, "change_message": "[]"}}, {"model": "admin.logentry", "pk": 57, "fields": {"action_time": "2025-11-16T22:53:47.066Z", "user": 1, "content_type": 7, "object_id": "30", "object_repr": "[text] Eben Ndombi (approved)", "action_flag": 2, "change_message": "[{\"changed\": {\"fields\": [\"Status\"]}}]"}}, {"model": "admin.logentry", "pk": 58, "fields": {"action_time": "2025-11-16T23:08:57.506Z", "user": 1, "content_type": 7, "object_id": "31", "object_repr": "[video] Eben Ndombi (approved)", "action_flag": 2, "change_message": "[{\"changed\": {\"fields\": [\"Status\"]}}]"}}, {"model": "admin.logentry", "pk": 59, "fields": {"action_time": "2025-11-17T02:18:10.427Z", "user": 1, "content_type": 7, "object_id": "32", "object_repr": "[text] Eben Ndombi (approved)", "action_flag": 2, "change_message": "[{\"changed\": {\"fields\": [\"Status\"]}}]"}}, {"model": "admin.logentry", "pk": 60, "fields": {"action_time": "2025-11-17T02:19:24.434Z", "user": 1, "content_type": 7, "object_id": "33", "object_repr": "[video] Eben Ndombi (approved)", "action_flag": 2, "change_message": "[{\"changed\": {\"fields\": [\"Status\"]}}]"}}, {"model": "admin.logentry", "pk": 61, "fields": {"action_time": "2025-11-17T03:10:26.678Z", "user": 1, "content_type": 7, "object_id": "33", "object_repr": "[video] Eben Ndombi (approved)", "action_flag": 3, "change_message": ""}}, {"model": "admin.logentry", "pk": 62, "fields": {"action_time": "2025-11-17T03:10:26.678Z", "user": 1, "content_type": 7, "object_id": "32", "object_repr": "[text] Eben Ndombi (approved)", "action_flag": 3, "change_message": ""}}, {"model": "admin.logentry", "pk": 63, "fields": {"action_time": "2025-11-17T03:10:26.678Z", "user": 1, "content_type": 7, "object_id": "31", "object_repr": "[video] Eben Ndombi (approved)", "action_flag": 3, "change_message": ""}}, {"model": "admin.logentry", "pk": 64, "fields": {"action_time": "2025-11-17T03:10:26.678Z", "user": 1, "content_type": 7, "object_id": "30", "object_repr": "[text] Eben Ndombi (approved)", "action_flag": 3, "change_message": ""}}, {"model": "admin.logentry", "pk": 65, "fields": {"action_time": "2025-11-17T03:10:26.678Z", "user": 1, "content_type": 7, "object_id": "29", "object_repr": "[video] Eben Ndombi (approved)", "action_flag": 3, "change_message": ""}}, {"model": "admin.logentry", "pk": 66, "fields": {"action_time": "2025-11-17T03:10:26.678Z", "user": 1, "content_type": 7, "object_id": "28", "object_repr": "[text] Eben Ndombi (approved)", "action_flag": 3, "change_message": ""}}, {"model": "admin.logentry", "pk": 67, "fields": {"action_time": "2025-11-17T03:10:26.678Z", "user": 1, "content_type": 7, "object_id": "27", "object_repr": "[text] Eben Ndombi (approved)", "action_flag": 3, "change_message": ""}}, {"model": "admin.logentry", "pk": 68, "fields": {"action_time": "2025-11-17T03:10:26.678Z", "user": 1, "content_type": 7, "object_id": "26", "object_repr": "[text] Eben Ndombi (approved)", "action_flag": 3, "change_message": ""}}, {"model": "admin.logentry", "pk": 69, "fields": {"action_time": "2025-11-17T03:14:42.218Z", "user": 1, "content_type": 7, "object_id": "34", "object_repr": "[text] Eben Ndombi (approved)", "action_flag": 2, "change_message": "[{\"changed\": {\"fields\": [\"Status\"]}}]"}}, {"model": "admin.logentry", "pk": 70, "fields": {"action_time": "2025-11-17T11:03:51.540Z", "user": 1, "content_type": 7, "object_id": "36", "object_repr": "[text] Sam Kabongo (approved)", "action_flag": 2, "change_message": "[{\"changed\": {\"fields\": [\"Status\"]}}]"}}, {"model": "admin.logentry", "pk": 71, "fields": {"action_time": "2025-11-17T11:04:09.411Z", "user": 1, "content_type": 7, "object_id": "35", "object_repr": "[text] Eben Ndombi (approved)", "action_flag": 2, "change_message": "[{\"changed\": {\"fields\": [\"Status\"]}}]"}}, {"model": "admin.logentry", "pk": 72, "fields": {"action_time": "2025-11-17T11:04:44.461Z", "user": 1, "content_type": 7, "object_id": "37", "object_repr": "[video] Sam Kabongo (approved)", "action_flag": 2, "change_message": "[{\"changed\": {\"fields\": [\"Status\"]}}]"}}, {"model": "admin.logentry", "pk": 73, "fields": {"action_time": "2025-11-17T11:26:19.875Z", "user": 1, "content_type": 7, "object_id": "37", "object_repr": "[video] Sam Kabongo (approved)", "action_flag": 3, "change_message": ""}}, {"model": "admin.logentry", "pk": 74, "fields": {"action_time": "2025-11-17T11:26:19.875Z", "user": 1, "content_type": 7, "object_id": "36", "object_repr": "[text] Sam Kabongo (approved)", "action_flag": 3, "change_message": ""}}, {"model": "admin.logentry", "pk": 75, "fields": {"action_time": "2025-11-17T11:26:19.875Z", "user": 1, "content_type": 7, "object_id": "35", "object_repr": "[text] Eben Ndombi (approved)", "action_flag": 3, "change_message": ""}}, {"model": "admin.logentry", "pk": 76, "fields": {"action_time": "2025-11-17T11:26:19.875Z", "user": 1, "content_type": 7, "object_id": "34", "object_repr": "[text] Eben Ndombi (approved)", "action_flag": 3, "change_message": ""}}, {"model": "admin.logentry", "pk": 77, "fields": {"action_time": "2025-11-17T11:40:00.332Z", "user": 1, "content_type": 7, "object_id": "39", "object_repr": "[text] Sam Kabongo (approved)", "action_flag": 2, "change_message": "[{\"changed\": {\"fields\": [\"Status\"]}}]"}}, {"model": "admin.logentry", "pk": 78, "fields": {"action_time": "2025-11-17T11:40:09.318Z", "user": 1, "content_type": 7, "object_id": "38", "object_repr": "[text] Sam Kabongo (approved)", "action_flag": 2, "change_message": "[{\"changed\": {\"fields\": [\"Status\"]}}]"}}, {"model": "admin.logentry", "pk": 79, "fields": {"action_time": "2025-11-17T11:50:02.982Z", "user": 1, "content_type": 7, "object_id": "40", "object_repr": "[text] Sam Kabongo (approved)", "action_flag": 2, "change_message": "[{\"changed\": {\"fields\": [\"Status\"]}}]"}}, {"model": "auth.permission", "pk": 1, "fields": {"name": "Can add log entry", "content_type": 1, "codename": "add_logentry"}}, {"model": "auth.permission", "pk": 2, "fields": {"name": "Can change log entry", "content_type": 1, "codename": "change_logentry"}}, {"model": "auth.permission", "pk": 3, "fields": {"name": "Can delete log entry", "content_type": 1, "codename": "delete_logentry"}}, {"model": "auth.permission", "pk": 4, "fields": {"name": "Can view log entry", "content_type": 1, "codename": "view_logentry"}}, {"model": "auth.permission", "pk": 5, "fields": {"name": "Can add permission", "content_type": 2, "codename": "add_permission"}}, {"model": "auth.permission", "pk": 6, "fields": {"name": "Can change permission", "content_type": 2, "codename": "change_permission"}}, {"model": "auth.permission", "pk": 7, "fields": {"name": "Can delete permission", "content_type": 2, "codename": "delete_permission"}}, {"model": "auth.permission", "pk": 8, "fields": {"name": "Can view permission", "content_type": 2, "codename": "view_permission"}}, {"model": "auth.permission", "pk": 9, "fields": {"name": "Can add group", "content_type": 3, "codename": "add_group"}}, {"model": "auth.permission", "pk": 10, "fields": {"name": "Can change group", "content_type": 3, "codename": "change_group"}}, {"model": "auth.permission", "pk": 11, "fields": {"name": "Can delete group", "content_type": 3, "codename": "delete_group"}}, {"model": "auth.permission", "pk": 12, "fields": {"name": "Can view group", "content_type": 3, "codename": "view_group"}}, {"model": "auth.permission", "pk": 13, "fields": {"name": "Can add user", "content_type": 4, "codename": "add_user"}}, {"model": "auth.permission", "pk": 14, "fields": {"name": "Can change user", "content_type": 4, "codename": "change_user"}}, {"model": "auth.permission", "pk": 15, "fields": {"name": "Can delete user", "content_type": 4, "codename": "delete_user"}}, {"model": "auth.permission", "pk": 16, "fields": {"name": "Can view user", "content_type": 4, "codename": "view_user"}}, {"model": "auth.permission", "pk": 17, "fields": {"name": "Can add content type", "content_type": 5, "codename": "add_contenttype"}}, {"model": "auth.permission", "pk": 18, "fields": {"name": "Can change content type", "content_type": 5, "codename": "change_contenttype"}}, {"model": "auth.permission", "pk": 19, "fields": {"name": "Can delete content type", "content_type": 5, "codename": "delete_contenttype"}}, {"model": "auth.permission", "pk": 20, "fields": {"name": "Can view content type", "content_type": 5, "codename": "view_contenttype"}}, {"model": "auth.permission", "pk": 21, "fields": {"name": "Can add session", "content_type": 6, "codename": "add_session"}}, {"model": "auth.permission", "pk": 22, "fields": {"name": "Can change session", "content_type": 6, "codename": "change_session"}}, {"model": "auth.permission", "pk": 23, "fields": {"name": "Can delete session", "content_type": 6, "codename": "delete_session"}}, {"model": "auth.permission", "pk": 24, "fields": {"name": "Can view session", "content_type": 6, "codename": "view_session"}}, {"model": "auth.permission", "pk": 25, "fields": {"name": "Can add testimony", "content_type": 7, "codename": "add_testimony"}}, {"model": "auth.permission", "pk": 26, "fields": {"name": "Can change testimony", "content_type": 7, "codename": "change_testimony"}}, {"model": "auth.permission", "pk": 27, "fields": {"name": "Can delete testimony", "content_type": 7, "codename": "delete_testimony"}}, {"model": "auth.permission", "pk": 28, "fields": {"name": "Can view testimony", "content_type": 7, "codename": "view_testimony"}}, {"model": "auth.permission", "pk": 29, "fields": {"name": "Can add testimony image", "content_type": 8, "codename": "add_testimonyimage"}}, {"model": "auth.permission", "pk": 30, "fields": {"name": "Can change testimony image", "content_type": 8, "codename": "change_testimonyimage"}}, {"model": "auth.permission", "pk": 31, "fields": {"name": "Can delete testimony image", "content_type": 8, "codename": "delete_testimonyimage"}}, {"model": "auth.permission", "pk": 32, "fields": {"name": "Can view testimony image", "content_type": 8, "codename": "view_testimonyimage"}}, {"model": "auth.permission", "pk": 33, "fields": {"name": "Can add verification code", "content_type": 9, "codename": "add_verificationcode"}}, {"model": "auth.permission", "pk": 34, "fields": {"name": "Can change verification code", "content_type": 9, "codename": "change_verificationcode"}}, {"model": "auth.permission", "pk": 35, "fields": {"name": "Can delete verification code", "content_type": 9, "codename": "delete_verificationcode"}}, {"model": "auth.permission", "pk": 36, "fields": {"name": "Can view verification code", "content_type": 9, "codename": "view_verificationcode"}}, {"model": "auth.permission", "pk": 37, "fields": {"name": "Can add testimony amen", "content_type": 10, "codename": "add_testimonyamen"}}, {"model": "auth.permission", "pk": 38, "fields": {"name": "Can change testimony amen", "content_type": 10, "codename": "change_testimonyamen"}}, {"model": "auth.permission", "pk": 39, "fields": {"name": "Can delete testimony amen", "content_type": 10, "codename": "delete_testimonyamen"}}, {"model": "auth.permission", "pk": 40, "fields": {"name": "Can view testimony amen", "content_type": 10, "codename": "view_testimonyamen"}}, {"model": "auth.permission", "pk": 41, "fields": {"name": "Can add member profile", "content_type": 11, "codename": "add_memberprofile"}}, {"model": "auth.permission", "pk": 42, "fields": {"name": "Can change member profile", "content_type": 11, "codename": "change_memberprofile"}}, {"model": "auth.permission", "pk": 43, "fields": {"name": "Can delete member profile", "content_type": 11, "codename": "delete_memberprofile"}}, {"model": "auth.permission", "pk": 44, "fields": {"name": "Can view member profile", "content_type": 11, "codename": "view_memberprofile"}}, {"model": "auth.user", "pk": 1, "fields": {"password": "pbkdf2_sha256$1000000$6ouHk3HasO8rm6lcyjHHfo$/e7DfEwKFPGXz8D6SlAf9ZmgUviRgOk/UZkViyPEjX8=", "last_login": "2025-11-17T10:59:58.889Z", "is_superuser": true, "username": "Bunda21", "first_name": "", "last_name": "", "email": "ebenndombi99@gmail.com", "is_staff": true, "is_active": true, "date_joined": "2025-11-12T00:40:57.486Z", "groups": [], "user_permissions": []}}, {"model": "contenttypes.contenttype", "pk": 1, "fields": {"app_label": "admin", "model": "logentry"}}, {"model": "contenttypes.contenttype", "pk": 2, "fields": {"app_label": "auth", "model": "permission"}}, {"model": "contenttypes.contenttype", "pk": 3, "fields": {"app_label": "auth", "model": "group"}}, {"model": "contenttypes.contenttype", "pk": 4, "fields": {"app_label": "auth", "model": "user"}}, {"model": "contenttypes.contenttype", "pk": 5, "fields": {"app_label": "contenttypes", "model": "contenttype"}}, {"model": "contenttypes.contenttype", "pk": 6, "fields": {"app_label": "sessions", "model": "session"}}, {"model": "contenttypes.contenttype", "pk": 7, "fields": {"app_label": "wall", "model": "testimony"}}, {"model": "contenttypes.contenttype", "pk": 8, "fields": {"app_label": "wall", "model": "testimonyimage"}}, {"model": "contenttypes.contenttype", "pk": 9, "fields": {"app_label": "wall", "model": "verificationcode"}}, {"model": "contenttypes.contenttype", "pk": 10, "fields": {"app_label": "wall", "model": "testimonyamen"}}, {"model": "contenttypes.contenttype", "pk": 11, "fields": {"app_label": "wall", "model": "memberprofile"}}, {"model": "sessions.session", "pk": "1cb7zbtqpxom85rjyvg4plveb55vycma", "fields": {"session_data": ".eJxFyrEOgzAMRdF_8dqC7IgqSqYuXZnYUQAXRSKmIjAh_h2XhfGdd3f4sQxRxnbLvIDf4RuXvLYSEoOHT8cCT5jCTfUwpy4qcgpxUmBt5ELn3uMfy35OGqxZX4PmVRAVZBpET-QrWxIZa91DNyIcxwl2QChD:1vIySh:nkSOp1DmQVkjHHx0-fatPo6e7L7UPp1vslhLTe89Sqo", "expire_date": "2025-11-26T00:11:47.180Z"}}, {"model": "sessions.session", "pk": "819laij7j3ydgah46bafl63xuic1vzvy", "fields": {"session_data": ".eJxVzEsOgyAQBuC7zNoYFUTtqum26aoHMAMMSiuQ-OjGePdiY9K4_f7HCh8arbGk22WiES4rGDtOc-vREVzgiQ4SGPAvd5TBdyEqObRDFJLkvQ5O2oxfux1TFRxsCbS4zP3vuLU6NnM4mUT1Jr8H-oXxM878PFqZ7pX0SKf0ETQNt6N7Ouhx6uPaMGFQE6s0cVUyVbHalE1eF1xyUanda6maQkUWRLwoRYwJMWO1zHgO2xf5KVeG:1vKwxi:6R_MHS30FNUJ73ZvUYWrqzttx_Wz7ZWjPyK_R4EMu8U", "expire_date": "2025-12-01T10:59:58.902Z"}}, {"model": "sessions.session", "pk": "esfwc6r2165wmda7bmw3rv9r5w0cte9k", "fields": {"session_data": ".eJyrVipLLcpMy0xNiS8tTi1SsqpWSsssKi6Jz0vMTVWyUnJNSs1T0lHKSUQI-aXk5yZlAgVTcxMzc4ACqUA1eWBBS0uHdJCgXnJ-rlJtLQACriBs:1vK3SX:TxrK8cXcAPrqKLXtASv2N4H3_qdkeBucHiOVUmRjbLw", "expire_date": "2025-11-28T23:44:05.928Z"}}, {"model": "sessions.session", "pk": "rdlo33dlk0m4n5t9mvx0l441qwaqh45f", "fields": {"session_data": "e30:1vK3jP:YFIZJkDgMnjaC-M-ZUHDW7wMMNRQeIsMeAjQWTOj-a0", "expire_date": "2025-11-29T00:01:31.432Z"}}, {"model": "wall.testimony", "pk": 38, "fields": {"kind": "text", "first_name": "Sam", "last_name": "Kabongo", "title": "j'étais malde", "text": "fffgfcffhhhgfgh", "video": null, "video_file": "", "postit_color": "#FFF6D9", "font_family": "Inter, sans-serif", "category": "Provision", "email": "ebenndombi04@gmail.com", "phone": "", "verification_type": "email", "status": "approved", "created_at": "2025-11-17T11:28:33.793Z"}}, {"model": "wall.testimony", "pk": 39, "fields": {"kind": "text", "first_name": "Sam", "last_name": "Kabongo", "title": "j'étais malde", "text": "gfffffjjjhfhfhg hjghghfghfhfgh hvhjhjhj", "video": null, "video_file": "", "postit_color": "#E0F7FA", "font_family": "Inter, sans-serif", "category": "Provision", "email": "ebenndombi04@gmail.com", "phone": "", "verification_type": "email", "status": "approved", "created_at": "2025-11-17T11:39:24.009Z"}}, {"model": "wall.testimony", "pk": 40, "fields": {"kind": "text", "first_name": "Sam", "last_name": "Kabongo", "title": "Il ma deliver de mes pêcher", "text": "fhgfhgfhgfhghg\"ryuh554cvccv", "video": null, "video_file": "", "postit_color": "#FFF6D9", "font_family": "Patrick Hand, cursive", "category": "Éducation", "email": "ebenndombi04@gmail.com", "phone": "", "verification_type": "email", "status": "approved", "created_at": "2025-11-17T11:49:31.277Z"}}, {"model": "wall.testimony", "pk": 41, "fields": {"kind": "video", "first_name": "Sam", "last_name": "Kabongo", "title": "Il ma deliver de mes pêcher", "text": "", "video": null, "video_file": "testimonies/videos/b21_3.mp4", "postit_color": "#FFF6D9", "font_family": "Inter, sans-serif", "category": "Éducation", "email": "ebenndombi04@gmail.com", "phone": "", "verification_type": "email", "status": "pending", "created_at": "2025-11-17T12:17:08.069Z"}}, {"model": "wall.testimony", "pk": 42, "fields": {"kind": "text", "first_name": "Sam", "last_name": "Kabongo", "title": "Je suis benie", "text": "Dieu est bon\r\nDieu est bon\r\nDieu est bon\r\nDieu est bon", "video": null, "video_file": "", "postit_color": "#E4FFEB", "font_family": "Indie Flower, cursive", "category": "Provision", "email": "ebenndombi04@gmail.com", "phone": "", "verification_type": "email", "status": "pending", "created_at": "2025-11-17T20:06:55.624Z"}}, {"model": "wall.testimonyimage", "pk": 32, "fields": {"testimony": 38, "image": "testimonies/IMG-20251008-WA0036.jpg", "created_at": "2025-11-17T11:28:33.808Z"}}, {"model": "wall.testimonyimage", "pk": 33, "fields": {"testimony": 38, "image": "testimonies/IMG-20251008-WA0037.jpg", "created_at": "2025-11-17T11:28:33.823Z"}}, {"model": "wall.testimonyimage", "pk": 34, "fields": {"testimony": 39, "image": "testimonies/_DSC3053.jpg", "created_at": "2025-11-17T11:39:24.057Z"}}, {"model": "wall.testimonyimage", "pk": 35, "fields": {"testimony": 39, "image": "testimonies/_DSC3065.jpg", "created_at": "2025-11-17T11:39:24.096Z"}}, {"model": "wall.testimonyimage", "pk": 36, "fields": {"testimony": 40, "image": "testimonies/_DSC2951.jpg", "created_at": "2025-11-17T11:49:31.384Z"}}, {"model": "wall.testimonyimage", "pk": 37, "fields": {"testimony": 40, "image": "testimonies/_DSC3027.jpg", "created_at": "2025-11-17T11:49:31.426Z"}}, {"model": "wall.testimonyimage", "pk": 38, "fields": {"testimony": 40, "image": "testimonies/_DSC3046.jpg", "created_at": "2025-11-17T11:49:31.464Z"}}, {"model": "wall.testimonyimage", "pk": 39, "fields": {"testimony": 40, "image": "testimonies/_DSC3053.jpg", "created_at": "2025-11-17T11:49:31.503Z"}}, {"model": "wall.testimonyimage", "pk": 40, "fields": {"testimony": 42, "image": "testimonies/_DSC3530.jpg", "created_at": "2025-11-17T20:06:55.663Z"}}, {"model": "wall.testimonyimage", "pk": 41, "fields": {"testimony": 42, "image": "testimonies/_DSC3583.jpg", "created_at": "2025-11-17T20:06:55.697Z"}}, {"model": "wall.testimonyamen", "pk": 32, "fields": {"testimony": 42, "session_key": "819laij7j3ydgah46bafl63xuic1vzvy", "user_email": "ebenndombi04@gmail.com", "created_at": "2025-11-17T20:07:36.182Z"}}, {"model": "wall.memberprofile", "pk": 1, "fields": {"email": "ebenndombi99@gmail.com", "first_name": "Eben", "last_name": "Ndombi", "created_at": "2025-11-13T23:38:39.204Z", "updated_at": "2025-11-13T23:38:39.204Z"}}, {"model": "wall.memberprofile", "pk": 2, "fields": {"email": "ebenndombiqr@gmail.com", "first_name": "Nathan", "last_name": "MBAKI", "created_at": "2025-11-13T23:41:28.256Z", "updated_at": "2025-11-13T23:41:28.256Z"}}, {"model": "wall.memberprofile", "pk": 3, "fields": {"email": "ebenndombi04@gmail.com", "first_name": "Sam", "last_name": "Kabongo", "created_at": "2025-11-14T10:25:29.809Z", "updated_at": "2025-11-14T10:25:29.809Z"}}, {"model": "wall.memberprofile", "pk": 4, "fields": {"email": "kal.fxavier@gmail.com", "first_name": "xav", "last_name": "Kal", "created_at": "2025-11-14T16:25:59.495Z", "updated_at": "2025-11-14T16:25:59.495Z"}}, {"model": "wall.verificationcode", "pk": 5, "fields": {"email": "ebenndombi99@gmail.com", "first_name": "Eben", "last_name": "Ndombi", "code": "643938", "created_at": "2025-11-12T00:32:04.526Z", "expires_at": "2025-11-12T00:42:04.524Z", "used": true, "attempts": 1}}, {"model": "wall.verificationcode", "pk": 6, "fields": {"email": "ebenndombi99@gmail.com", "first_name": "jedidia", "last_name": "yemba", "code": "460603", "created_at": "2025-11-12T15:10:10.378Z", "expires_at": "2025-11-12T15:20:10.376Z", "used": true, "attempts": 1}}, {"model": "wall.verificationcode", "pk": 7, "fields": {"email": "ebenndombi99@gmail.com", "first_name": "Eben", "last_name": "Ndombi", "code": "530377", "created_at": "2025-11-12T15:42:32.338Z", "expires_at": "2025-11-12T15:52:32.336Z", "used": false, "attempts": 0}}, {"model": "wall.verificationcode", "pk": 8, "fields": {"email": "ebenndombi99@gmail.com", "first_name": "Eben", "last_name": "Ndombi", "code": "108005", "created_at": "2025-11-12T15:42:35.001Z", "expires_at": "2025-11-12T15:52:34.997Z", "used": true, "attempts": 1}}, {"model": "wall.verificationcode", "pk": 9, "fields": {"email": "ebenndombi99@gmail.com", "first_name": "joel", "last_name": "Stone", "code": "456873", "created_at": "2025-11-12T22:33:30.350Z", "expires_at": "2025-11-12T22:43:30.348Z", "used": true, "attempts": 1}}, {"model": "wall.verificationcode", "pk": 10, "fields": {"email": "ebenndombi99@gmail.com", "first_name": "Eben", "last_name": "Ndombi", "code": "861398", "created_at": "2025-11-12T22:59:10.487Z", "expires_at": "2025-11-12T23:09:10.484Z", "used": true, "attempts": 1}}, {"model": "wall.verificationcode", "pk": 11, "fields": {"email": "ebenndombi99@gmail.com", "first_name": "Eben", "last_name": "Ndombi", "code": "706664", "created_at": "2025-11-12T23:58:13.055Z", "expires_at": "2025-11-13T00:08:13.052Z", "used": true, "attempts": 1}}, {"model": "wall.verificationcode", "pk": 12, "fields": {"email": "ebenndombi99@gmail.com", "first_name": "", "last_name": "", "code": "326285", "created_at": "2025-11-13T23:21:48.299Z", "expires_at": "2025-11-13T23:31:48.297Z", "used": true, "attempts": 1}}, {"model": "wall.verificationcode", "pk": 13, "fields": {"email": "ebenndombiqr@gmail.com", "first_name": "", "last_name": "", "code": "617027", "created_at": "2025-11-13T23:23:09.162Z", "expires_at": "2025-11-13T23:33:09.161Z", "used": true, "attempts": 1}}, {"model": "wall.verificationcode", "pk": 14, "fields": {"email": "ebenndombi99@gmail.com", "first_name": "Eben", "last_name": "Ndombi", "code": "655486", "created_at": "2025-11-13T23:38:06.095Z", "expires_at": "2025-11-13T23:48:06.095Z", "used": true, "attempts": 1}}, {"model": "wall.verificationcode", "pk": 15, "fields": {"email": "ebenndombi99@gmail.com", "first_name": "Eben", "last_name": "Ndombi", "code": "620864", "created_at": "2025-11-13T23:38:57.347Z", "expires_at": "2025-11-13T23:48:57.347Z", "used": true, "attempts": 1}}, {"model": "wall.verificationcode", "pk": 16, "fields": {"email": "ebenndombiqr@gmail.com", "first_name": "Nathan", "last_name": "MBAKI", "code": "064543", "created_at": "2025-11-13T23:40:43.861Z", "expires_at": "2025-11-13T23:50:43.860Z", "used": true, "attempts": 1}}, {"model": "wall.verificationcode", "pk": 17, "fields": {"email": "ebenndombiqr@gmail.com", "first_name": "Nathan", "last_name": "MBAKI", "code": "060938", "created_at": "2025-11-13T23:53:49.277Z", "expires_at": "2025-11-14T00:03:49.277Z", "used": true, "attempts": 1}}, {"model": "wall.verificationcode", "pk": 18, "fields": {"email": "ebenndombi99@gmail.com", "first_name": "Eben", "last_name": "Ndombi", "code": "185954", "created_at": "2025-11-13T23:55:06.134Z", "expires_at": "2025-11-14T00:05:06.134Z", "used": true, "attempts": 1}}, {"model": "wall.verificationcode", "pk": 19, "fields": {"email": "ebenndombiqr@gmail.com", "first_name": "Nathan", "last_name": "MBAKI", "code": "147704", "created_at": "2025-11-14T00:04:22.121Z", "expires_at": "2025-11-14T00:14:22.121Z", "used": true, "attempts": 1}}, {"model": "wall.verificationcode", "pk": 20, "fields": {"email": "ebenndombi04@gmail.com", "first_name": "Sam", "last_name": "Kabongo", "code": "535378", "created_at": "2025-11-14T10:25:04.604Z", "expires_at": "2025-11-14T10:35:04.604Z", "used": true, "attempts": 1}}, {"model": "wall.verificationcode", "pk": 21, "fields": {"email": "ebenndombi99@gmail.com", "first_name": "Eben", "last_name": "Ndombi", "code": "172439", "created_at": "2025-11-14T15:02:08.358Z", "expires_at": "2025-11-14T15:12:08.358Z", "used": true, "attempts": 1}}, {"model": "wall.verificationcode", "pk": 22, "fields": {"email": "ebenndombi99@gmail.com", "first_name": "Eben", "last_name": "Ndombi", "code": "087341", "created_at": "2025-11-14T16:20:09.708Z", "expires_at": "2025-11-14T16:30:09.707Z", "used": true, "attempts": 1}}, {"model": "wall.verificationcode", "pk": 23, "fields": {"email": "kal.fxavier@gmail.com", "first_name": "xav", "last_name": "Kal", "code": "710950", "created_at": "2025-11-14T16:25:04.845Z", "expires_at": "2025-11-14T16:35:04.844Z", "used": true, "attempts": 1}}, {"model": "wall.verificationcode", "pk": 24, "fields": {"email": "ebenndombi99@gmail.com", "first_name": "Eben", "last_name": "Ndombi", "code": "190651", "created_at": "2025-11-14T23:43:32.072Z", "expires_at": "2025-11-14T23:53:32.071Z", "used": true, "attempts": 1}}, {"model": "wall.verificationcode", "pk": 25, "fields": {"email": "ebenndombi99@gmail.com", "first_name": "Eben", "last_name": "Ndombi", "code": "137151", "created_at": "2025-11-16T00:43:10.508Z", "expires_at": "2025-11-16T00:53:10.507Z", "used": true, "attempts": 1}}, {"model": "wall.verificationcode", "pk": 26, "fields": {"email": "ebenndombi99@gmail.com", "first_name": "Eben", "last_name": "Ndombi", "code": "597403", "created_at": "2025-11-16T18:13:29.474Z", "expires_at": "2025-11-16T18:23:29.474Z", "used": true, "attempts": 1}}, {"model": "wall.verificationcode", "pk": 27, "fields": {"email": "ebenndombi04@gmail.com", "first_name": "Sam", "last_name": "Kabongo", "code": "137914", "created_at": "2025-11-17T10:57:40.030Z", "expires_at": "2025-11-17T11:07:40.030Z", "used": true, "attempts": 1}}]